id;evita_id;name;type;center_id
1;378450;PG101_TEST_C1.TEST_V..41145;simple;1
2;378451;PG103_TEST_C2.TEST_V..49380;appel;2
3;378452;PG105_TEST_C3.TEST_V..83729;call;3
4;378468;PG101_TEST_C1.TEST_V.skg1c1;reponse;4
5;378469;PG103_TEST_C2.TEST_V.skg1c2;simple;5
6;378470;PG105_TEST_C3.TEST_V.skg1c3;appel;1
7;379823;TEST1_Test.pepi;appel;2
8;379824;TEST1_Test.Front.PG101;reponse;3
9;379825;TEST1_Test.Recla;reponse;4
10;379831;TEST1_Test_Front2;reponse;5
11;379832;TEST1_Test.Front3;reponse;1
12;379839;TEST1_Test_Front4;reponse;2
13;379840;TEST1_Test.Front7;reponse;3
14;383405;TDPOS1_PG101_SKG1;reponse;4
15;383406;TDPOS1_PG101_SKG2;reponse;5
16;386747;TEXPLO_PG101_SKG1;reponse;1
17;386753;TEXPLO_PG103_SKG1;reponse;2
18;386754;TEXPLO_PG105_SKG1;reponse;3
19;392053;FTM.PG101.GRC11A.SG;reponse;4
20;392055;FTM.PG101.GRC21A.SG;reponse;5
21;392069;FTM.PG101.GRC121.SG;reponse;1
22;392070;FTM.PG101.GRC122A.SG;reponse;2
23;399597;FTM.PG101.SKILL_TEST_IE8.SG;reponse;3
24;401289;TEST3_Test.Front;reponse;4
25;401290;TEST3_Test_Recla;reponse;5
26;401343;TEST5_Test.Front;reponse;1
27;401344;TEST5_Test.Recla;reponse;2
28;410324;TEST1_Front_C1;reponse;3
29;410325;TEST2_Front_C1;reponse;4
30;410326;TEST3_Front_C1;reponse;5
31;410327;ITEST1_Back_C1;reponse;1
32;410328;TEST2_Back_C1;reponse;2
33;410329;TEST3_Back_C1;reponse;3
34;410330;TEST1_Front_C2;reponse;4
35;410331;TEST2_Front_C2;reponse;5
36;410332;TEST3_Front_C2;reponse;1
37;410333;TEST3_Back_C2;reponse;2
38;410334;TEST2_Back_C2;reponse;3
39;410335;ITEST1_Back_C2;reponse;4
40;410336;TEST1_Front_C3;reponse;5
41;410337;TEST2_Front_C3;reponse;1
42;410338;TEST3_Front_C3;reponse;2
43;410339;TEST1_Back_C3;reponse;3
44;410340;TEST2_Back_C3;reponse;4
45;410341;TEST3_Back_C3;reponse;5
46;421765;CAV_ARCH_OpenAC;reponse;1
47;421766;CAV_JAUR_OpenAC;reponse;2
48;421767;CAV_JEMM_OpenAC;reponse;3
49;421768;CAV_TEMP_OpenAC;reponse;4
50;424601;ZMOA_Test;reponse;5
51;429029;CAV_TEST_TEMP_Back;reponse;1
52;429902;PG102_TEST_C1_1.TEST_Voic.69047;reponse;2
53;429905;PG104_TEST_C2.TEST_V..34125;reponse;3
54;429906;PG106_TEST_C3.TEST_V..06358;reponse;4
55;434942;TDPOS3_PG103_SKG1;reponse;5
56;434943;TDPOS3_PG103_SKG2;reponse;1
57;435091;TRIVD6_Test1_TRIVD6;reponse;2
58;435093;TRIVD6_Test2_TRIVD6;reponse;3
59;435094;TRIVD4_Test1_TRIVD4;reponse;4
60;435095;TRIVD4_Test2_TRIVD4;reponse;5
61;435096;TRIVD2_Test1_TRIVD2;reponse;1
62;435097;TRIVD2_Test2_TRIVD2;reponse;2
63;435962;TEST2_Test.Front;reponse;3
64;435963;TEST4_Test.Front;reponse;4
65;435964;TEST6_Test.Front;reponse;5
66;436362;TRIVD1_Test1_TRIVD1;reponse;1
67;436363;TRIVD1_Test2_TRIVD1;reponse;2
68;436374;TRIVD3_Test1_TRIVD3;reponse;3
69;436375;TRIVD3_Test2_TRIVD3;reponse;4
70;436499;TRIVD5_Test1_TRIVD5;reponse;5
71;436500;TRIVD5_Test2_TRIVD5;reponse;1
72;437232;Test_GRC_Back;reponse;2
73;441895;TRIVD2_Test3_TRIVD2;reponse;3
74;462393;PG106_TEST_C3.TEST_V.PSAUG1;reponse;4
75;462892;CUCVPA1.MCAL_Chat.default.63725;reponse;5
76;462893;CUCVPA10.MCAL_Chat.default.36857;reponse;1
77;462894;CUCVPA2.MCAL_Chat.default.44863;reponse;2
78;462895;CUCVPA3.MCAL_Chat.default.55768;reponse;3
79;462896;CUCVPA4.MCAL_Chat.default.85714;reponse;4
80;462897;CUCVPA5.MCAL_Chat.default.15695;reponse;5
81;462898;CUCVPA6.MCAL_Chat.default.06102;reponse;1
82;462899;CUCVPA7.MCAL_Chat.default.11990;reponse;2
83;462900;CUCVPA8.MCAL_Chat.default.22067;reponse;3
84;462901;CUCVPA9.MCAL_Chat.default.20304;reponse;4
85;462902;CUCVPB1.MCAL_Chat.default.18198;reponse;5
86;462903;CUCVPB10.MCAL_Chat.default.16891;reponse;1
87;462904;CUCVPB2.MCAL_Chat.default.66965;reponse;2
88;462905;CUCVPB3.MCAL_Chat.default.20390;reponse;3
89;462906;CUCVPB4.MCAL_Chat.default.89804;reponse;4
90;462907;CUCVPB5.MCAL_Chat.default.44849;reponse;5
91;462908;CUCVPB6.MCAL_Chat.default.65159;reponse;1
92;462909;CUCVPB7.MCAL_Chat.default.23422;reponse;2
93;462910;CUCVPB8.MCAL_Chat.default.97964;reponse;3
94;462911;CUCVPB9.MCAL_Chat.default.47576;reponse;4
95;462927;PG101_TEST_C1.MCAL_Chat.de.41887;reponse;5
96;462928;PG102_TEST_C1.MCAL_Chat.de.62135;reponse;1
97;462929;PG103_TEST_C2.MCAL_Chat.de.73872;reponse;2
98;462930;PG104_TEST_C2.MCAL_Chat.de.64287;reponse;3
99;462931;PG105_TEST_C3.MCAL_Chat.de.87539;reponse;4
