id;login;password_hash;first_name;last_name;email;image_url;activated;lang_key;created_by;last_modified_by
1;system;$2a$10$mE.qmcV0mFU5NcKh73TZx.z4ueI/.bDWbj0T1BYyqP481kGGarKLG;System;System;system@localhost;;true;en;system;system
2;anonymoususer;$2a$10$j8S5d7Sr7.8VTOYNviDPOeWX8KcYILUVJBsYV83Y5NtECayypx9lO;Anonymous;User;anonymous@localhost;;true;en;system;system
3;christophe;$2a$10$gSAhZrxMllrbgj/kkK9UceBPpChGWJA7SYIb1Mqo.n5aNLq1/oRrC;Administrator;Administrator;admin@localhost;;true;en;system;system
4;user;$2a$10$VEjxo0jq2YG9Rbk2HmX9S.k1uZBGYUHdUcid3g/vfiEl7lwWgOH/K;User;User;user@localhost;;true;en;system;system
5;test;$2a$10$7BVfiYTsWaN2NDj9DN8Obe4AMTRF27I/92NjC7yDFSM9pjT6fG7O2;test;User;test@fr.fr;;true;en;system;system
6;slopes;$2a$10$XcGeTmy3XbC32o0FL9dUse16grbvW5mC0n4WvaRJzzEq.cn7Fi8fC;slopes;Administrator;serge.lopes.94@free.fr;;true;en;system;system
7;testo;$2a$10$zJbu29pjI..OjWRp31CfmOsnUsPwDXq72R33z1L/CD3XPTphlJOaa;testo;User;testo@free.fr;;true;en;system;system
8;testadmin;$2a$10$RbNhwqQDorIZuDqk4cCVpOlcWfzDZGuyCyfI9rvy7n8WL../.maam;testadmin;Administrator;selopes@admi.fr;;true;en;system;system
9;serge;$2a$10$XcGeTmy3XbC32o0FL9dUse16grbvW5mC0n4WvaRJzzEq.cn7Fi8fC;Serge;Lopes;serge.lopes.ext@sos.com;;true;en;system;system
10;alex;$2a$10$dqkaxoJ5TlGcFAvitlFFfuFozfrLXKSTOmiWr1xItQE93hYDNblvm;Alex;Administrator;alex.text@sos.com;;true;en;system;system
11;slopes2;$2a$10$Fcki33MdxR4YHEdFJ7rUK.NQMSMA6KhtMhQMS8bhWI1mBAgWJAjf2;slopes2;Administrator;serge.lopes.1@free.fr;;true;fr;system;system
12;slopes3;$2a$10$VGF28kuy.2yAhW63LH/BSeVpMqc2e8QzuA/fNz.h4uD2dcotXwOTu;slopes3;Administrator;serge.lopes.2@free.fr;;true;fr;system;system
13;alextest;$2a$10$dqkaxoJ5TlGcFAvitlFFfuFozfrLXKSTOmiWr1xItQE93hYDNblvm;AlexTest;Administrator;alex.text2@sos.com;;true;fr;system;system
14;sostest;$2a$10$zuZLz/BPcXpkS3850MnF1eEtdUUpoaXhtPyJkgzNf0pEge19Fm5tC;Orange;Orange;sos.sos@sos.com;;true;fr;system;system
15;dduktsmer;$2a$10$zuZLz/BPcXpkS3850MnF1eEtdUUpoaXhtPyJkgzNf0pEge19Fm5tC;dduktsmer;ARQXEHMAD;97u49ab7b@sos.com;;true;fr;system;system
16;sxyjtfibh;$2a$10$zuZLz/BPcXpkS3850MnF1eEtdUUpoaXhtPyJkgzNf0pEge19Fm5tC;sxyjtfibh;QPVVJYGLD;454crqd77@sos.com;;true;fr;system;system
17;fcjdvivuf;$2a$10$zuZLz/BPcXpkS3850MnF1eEtdUUpoaXhtPyJkgzNf0pEge19Fm5tC;fcjdvivuf;CADZSDTTL;96a733xxn@sos.com;;true;fr;system;system
18;nikaemjhq;$2a$10$zuZLz/BPcXpkS3850MnF1eEtdUUpoaXhtPyJkgzNf0pEge19Fm5tC;nikaemjhq;CGSHXFNUA;ae25y95w3@sos.com;;true;fr;system;system
19;rmierncfj;$2a$10$zuZLz/BPcXpkS3850MnF1eEtdUUpoaXhtPyJkgzNf0pEge19Fm5tC;rmierncfj;KFJTSHMYH;a252q65yv@sos.com;;true;fr;system;system
20;ndvgrqwjn;$2a$10$zuZLz/BPcXpkS3850MnF1eEtdUUpoaXhtPyJkgzNf0pEge19Fm5tC;ndvgrqwjn;NBPKBMDWY;a5i57ic43@sos.com;;true;fr;system;system
21;dbxqprbmz;$2a$10$zuZLz/BPcXpkS3850MnF1eEtdUUpoaXhtPyJkgzNf0pEge19Fm5tC;dbxqprbmz;ZAVTGQWYK;8q7b829zk@sos.com;;true;fr;system;system
22;kcgwapidi;$2a$10$zuZLz/BPcXpkS3850MnF1eEtdUUpoaXhtPyJkgzNf0pEge19Fm5tC;kcgwapidi;LHCJHGRYY;82aexg575@sos.com;;true;fr;system;system
23;mpzewxsgi;$2a$10$zuZLz/BPcXpkS3850MnF1eEtdUUpoaXhtPyJkgzNf0pEge19Fm5tC;mpzewxsgi;ZBTSEZJEP;g2q825mm6@sos.com;;true;fr;system;system
24;yesihvjka;$2a$10$zuZLz/BPcXpkS3850MnF1eEtdUUpoaXhtPyJkgzNf0pEge19Fm5tC;yesihvjka;TTQNBDQDW;3gxq6446p@sos.com;;true;fr;system;system
25;bunzzqeyv;$2a$10$zuZLz/BPcXpkS3850MnF1eEtdUUpoaXhtPyJkgzNf0pEge19Fm5tC;bunzzqeyv;LVKXPJHRV;94s9ut96u@sos.com;;true;fr;system;system
26;pdqqruypj;$2a$10$zuZLz/BPcXpkS3850MnF1eEtdUUpoaXhtPyJkgzNf0pEge19Fm5tC;pdqqruypj;DLSJVDCMH;9h72gyx92@sos.com;;true;fr;system;system
27;zyexwbhdq;$2a$10$zuZLz/BPcXpkS3850MnF1eEtdUUpoaXhtPyJkgzNf0pEge19Fm5tC;zyexwbhdq;LSEALTNQB;zr7287xy9@sos.com;;true;fr;system;system
28;rywmzrijk;$2a$10$zuZLz/BPcXpkS3850MnF1eEtdUUpoaXhtPyJkgzNf0pEge19Fm5tC;rywmzrijk;WQVBCNYEH;75r5b8pm7@sos.com;;true;fr;system;system
29;maewfjdfx;$2a$10$zuZLz/BPcXpkS3850MnF1eEtdUUpoaXhtPyJkgzNf0pEge19Fm5tC;maewfjdfx;XFYQSKZLV;kc7352e3p@sos.com;;true;fr;system;system
30;rkwwjchfs;$2a$10$zuZLz/BPcXpkS3850MnF1eEtdUUpoaXhtPyJkgzNf0pEge19Fm5tC;rkwwjchfs;ZRJDLUDNY;ji8e698t7@sos.com;;true;fr;system;system
31;tdbjtdmek;$2a$10$zuZLz/BPcXpkS3850MnF1eEtdUUpoaXhtPyJkgzNf0pEge19Fm5tC;tdbjtdmek;WNCKGUALU;445pr8bk8@sos.com;;true;fr;system;system
32;bgvbuvvpk;$2a$10$zuZLz/BPcXpkS3850MnF1eEtdUUpoaXhtPyJkgzNf0pEge19Fm5tC;bgvbuvvpk;LKGBNGGAF;e2y8f383u@sos.com;;true;fr;system;system
33;xnfweppgf;$2a$10$zuZLz/BPcXpkS3850MnF1eEtdUUpoaXhtPyJkgzNf0pEge19Fm5tC;xnfweppgf;KQENCRENW;t966d39me@sos.com;;true;fr;system;system
34;ifcqxvisf;$2a$10$zuZLz/BPcXpkS3850MnF1eEtdUUpoaXhtPyJkgzNf0pEge19Fm5tC;ifcqxvisf;CZGBVBTML;d7hv7652e@sos.com;;true;fr;system;system
35;iqgxtrzde;$2a$10$zuZLz/BPcXpkS3850MnF1eEtdUUpoaXhtPyJkgzNf0pEge19Fm5tC;iqgxtrzde;LGBZZPCYL;2b99j5re6@sos.com;;true;fr;system;system
36;ppnxzpxik;$2a$10$zuZLz/BPcXpkS3850MnF1eEtdUUpoaXhtPyJkgzNf0pEge19Fm5tC;ppnxzpxik;CHGTTTPRM;4j5ant373@sos.com;;true;fr;system;system
37;iwktaevku;$2a$10$zuZLz/BPcXpkS3850MnF1eEtdUUpoaXhtPyJkgzNf0pEge19Fm5tC;iwktaevku;WZSXMZJKU;f5r5769aq@sos.com;;true;fr;system;system
38;cyhrymdmw;$2a$10$zuZLz/BPcXpkS3850MnF1eEtdUUpoaXhtPyJkgzNf0pEge19Fm5tC;cyhrymdmw;HHKWSNKKR;b5d9yd752@sos.com;;true;fr;system;system
39;rifmzwmhe;$2a$10$zuZLz/BPcXpkS3850MnF1eEtdUUpoaXhtPyJkgzNf0pEge19Fm5tC;rifmzwmhe;VTSPLPXHY;n95a438rr@sos.com;;true;fr;system;system
40;kghxdmqjd;$2a$10$zuZLz/BPcXpkS3850MnF1eEtdUUpoaXhtPyJkgzNf0pEge19Fm5tC;kghxdmqjd;WBPYSBJCX;2syt8k723@sos.com;;true;fr;system;system
41;xhhtvuzra;$2a$10$zuZLz/BPcXpkS3850MnF1eEtdUUpoaXhtPyJkgzNf0pEge19Fm5tC;xhhtvuzra;VQCUUDLPA;9886qf2kj@sos.com;;true;fr;system;system
42;ajwbsspkh;$2a$10$zuZLz/BPcXpkS3850MnF1eEtdUUpoaXhtPyJkgzNf0pEge19Fm5tC;ajwbsspkh;JRFHWMUDE;9624w8qsh@sos.com;;true;fr;system;system
43;cvpcqahij;$2a$10$zuZLz/BPcXpkS3850MnF1eEtdUUpoaXhtPyJkgzNf0pEge19Fm5tC;cvpcqahij;HCXYGDBGY;6kf63uk36@sos.com;;true;fr;system;system
44;inhdcxgwq;$2a$10$zuZLz/BPcXpkS3850MnF1eEtdUUpoaXhtPyJkgzNf0pEge19Fm5tC;inhdcxgwq;AVFZHAPJN;ny7b658s9@sos.com;;true;fr;system;system
45;yvixpyfua;$2a$10$zuZLz/BPcXpkS3850MnF1eEtdUUpoaXhtPyJkgzNf0pEge19Fm5tC;yvixpyfua;RAFYNFYGS;yvixpyfua@sos.com;;true;fr;system;system
46;jhmivhtap;$2a$10$zuZLz/BPcXpkS3850MnF1eEtdUUpoaXhtPyJkgzNf0pEge19Fm5tC;jhmivhtap;FJWTDFYRJ;jhmivhtap@sos.com;;true;fr;system;system
47;guegsmkjh;$2a$10$zuZLz/BPcXpkS3850MnF1eEtdUUpoaXhtPyJkgzNf0pEge19Fm5tC;guegsmkjh;DGNUVJKEA;guegsmkjh@sos.com;;true;fr;system;system
48;zpxsgfvxp;$2a$10$zuZLz/BPcXpkS3850MnF1eEtdUUpoaXhtPyJkgzNf0pEge19Fm5tC;zpxsgfvxp;JZDZJJQHE;zpxsgfvxp@sos.com;;true;fr;system;system
49;xhivspjut;$2a$10$zuZLz/BPcXpkS3850MnF1eEtdUUpoaXhtPyJkgzNf0pEge19Fm5tC;xhivspjut;AHQZGJTTS;xhivspjut@sos.com;;true;fr;system;system
50;zwehacrvj;$2a$10$zuZLz/BPcXpkS3850MnF1eEtdUUpoaXhtPyJkgzNf0pEge19Fm5tC;zwehacrvj;JLXSYQQAH;zwehacrvj@sos.com;;true;fr;system;system
51;ttmdpkskk;$2a$10$zuZLz/BPcXpkS3850MnF1eEtdUUpoaXhtPyJkgzNf0pEge19Fm5tC;ttmdpkskk;FZUTDYPMN;ttmdpkskk@sos.com;;true;fr;system;system
52;qehaayebj;$2a$10$zuZLz/BPcXpkS3850MnF1eEtdUUpoaXhtPyJkgzNf0pEge19Fm5tC;qehaayebj;YZCTWPUZE;qehaayebj@sos.com;;true;fr;system;system
53;iadkmhqzu;$2a$10$zuZLz/BPcXpkS3850MnF1eEtdUUpoaXhtPyJkgzNf0pEge19Fm5tC;iadkmhqzu;YCFHQDWUP;iadkmhqzu@sos.com;;true;fr;system;system
54;dfmmkpasz;$2a$10$zuZLz/BPcXpkS3850MnF1eEtdUUpoaXhtPyJkgzNf0pEge19Fm5tC;dfmmkpasz;AFTQQMPRC;dfmmkpasz@sos.com;;true;fr;system;system
55;yyeitczzf;$2a$10$zuZLz/BPcXpkS3850MnF1eEtdUUpoaXhtPyJkgzNf0pEge19Fm5tC;yyeitczzf;DQVMVUDKB;yyeitczzf@sos.com;;true;fr;system;system
56;snaqmnrrv;$2a$10$zuZLz/BPcXpkS3850MnF1eEtdUUpoaXhtPyJkgzNf0pEge19Fm5tC;snaqmnrrv;EDKKRMPDJ;snaqmnrrv@sos.com;;true;fr;system;system
57;izwmkzbgm;$2a$10$zuZLz/BPcXpkS3850MnF1eEtdUUpoaXhtPyJkgzNf0pEge19Fm5tC;izwmkzbgm;XPUNHMXEG;izwmkzbgm@sos.com;;true;fr;system;system
58;fxeiprbqz;$2a$10$zuZLz/BPcXpkS3850MnF1eEtdUUpoaXhtPyJkgzNf0pEge19Fm5tC;fxeiprbqz;WKPYHSFGF;fxeiprbqz@sos.com;;true;fr;system;system
59;prrhnskms;$2a$10$zuZLz/BPcXpkS3850MnF1eEtdUUpoaXhtPyJkgzNf0pEge19Fm5tC;prrhnskms;ZYQJNBJWB;prrhnskms@sos.com;;true;fr;system;system
60;eixnngmpm;$2a$10$zuZLz/BPcXpkS3850MnF1eEtdUUpoaXhtPyJkgzNf0pEge19Fm5tC;eixnngmpm;LKJXFPPTJ;eixnngmpm@sos.com;;true;fr;system;system
61;fyuhwvccf;$2a$10$zuZLz/BPcXpkS3850MnF1eEtdUUpoaXhtPyJkgzNf0pEge19Fm5tC;fyuhwvccf;DUUWWFYTT;fyuhwvccf@sos.com;;true;fr;system;system
62;ffuhpwkvy;$2a$10$zuZLz/BPcXpkS3850MnF1eEtdUUpoaXhtPyJkgzNf0pEge19Fm5tC;ffuhpwkvy;JYFZPUFDX;ffuhpwkvy@sos.com;;true;fr;system;system
63;xdctfezsu;$2a$10$zuZLz/BPcXpkS3850MnF1eEtdUUpoaXhtPyJkgzNf0pEge19Fm5tC;xdctfezsu;GUFYMJJPM;xdctfezsu@sos.com;;true;fr;system;system
64;nemspwfir;$2a$10$zuZLz/BPcXpkS3850MnF1eEtdUUpoaXhtPyJkgzNf0pEge19Fm5tC;nemspwfir;JGXDEYKWS;nemspwfir@sos.com;;true;fr;system;system
65;wkpxjnxym;$2a$10$zuZLz/BPcXpkS3850MnF1eEtdUUpoaXhtPyJkgzNf0pEge19Fm5tC;wkpxjnxym;TNBDUVHRA;wkpxjnxym@sos.com;;true;fr;system;system
66;mhanxsrfu;$2a$10$zuZLz/BPcXpkS3850MnF1eEtdUUpoaXhtPyJkgzNf0pEge19Fm5tC;mhanxsrfu;AYHEVXTSF;mhanxsrfu@sos.com;;true;fr;system;system
67;kbuuqigcz;$2a$10$zuZLz/BPcXpkS3850MnF1eEtdUUpoaXhtPyJkgzNf0pEge19Fm5tC;kbuuqigcz;GEZQFQFHS;kbuuqigcz@sos.com;;true;fr;system;system
68;tjrjhptmw;$2a$10$zuZLz/BPcXpkS3850MnF1eEtdUUpoaXhtPyJkgzNf0pEge19Fm5tC;tjrjhptmw;JZVXJLVAR;tjrjhptmw@sos.com;;true;fr;system;system
69;ppzatacnq;$2a$10$zuZLz/BPcXpkS3850MnF1eEtdUUpoaXhtPyJkgzNf0pEge19Fm5tC;ppzatacnq;AURWQCDLG;ppzatacnq@sos.com;;true;fr;system;system
70;qazcbchxu;$2a$10$zuZLz/BPcXpkS3850MnF1eEtdUUpoaXhtPyJkgzNf0pEge19Fm5tC;qazcbchxu;DYTRBTQBA;qazcbchxu@sos.com;;true;fr;system;system
71;ruciqwrky;$2a$10$zuZLz/BPcXpkS3850MnF1eEtdUUpoaXhtPyJkgzNf0pEge19Fm5tC;ruciqwrky;KHEYTMPPQ;ruciqwrky@sos.com;;true;fr;system;system
72;yrtadbejs;$2a$10$zuZLz/BPcXpkS3850MnF1eEtdUUpoaXhtPyJkgzNf0pEge19Fm5tC;yrtadbejs;ZKYNQGYLS;yrtadbejs@sos.com;;true;fr;system;system
73;itszjpznw;$2a$10$zuZLz/BPcXpkS3850MnF1eEtdUUpoaXhtPyJkgzNf0pEge19Fm5tC;itszjpznw;LQZJNWLSR;itszjpznw@sos.com;;true;fr;system;system
74;pytzaaufg;$2a$10$zuZLz/BPcXpkS3850MnF1eEtdUUpoaXhtPyJkgzNf0pEge19Fm5tC;pytzaaufg;WEZZSPQKB;pytzaaufg@sos.com;;true;fr;system;system
75;qfposuvmi;$2a$10$zuZLz/BPcXpkS3850MnF1eEtdUUpoaXhtPyJkgzNf0pEge19Fm5tC;qfposuvmi;LQVGXTPVSFHQI;97u49ab7b@mail.sos.com;;true;fr;system;system
76;nyvnnhcey;$2a$10$zuZLz/BPcXpkS3850MnF1eEtdUUpoaXhtPyJkgzNf0pEge19Fm5tC;nyvnnhcey;EKGPMHHNXRHPT;454crqd77@mail.sos.com;;true;fr;system;system
77;kartzajzr;$2a$10$zuZLz/BPcXpkS3850MnF1eEtdUUpoaXhtPyJkgzNf0pEge19Fm5tC;kartzajzr;IHYEMPTAAOCCD;96a733xxn@mail.sos.com;;true;fr;system;system
78;ovqrrcjjj;$2a$10$zuZLz/BPcXpkS3850MnF1eEtdUUpoaXhtPyJkgzNf0pEge19Fm5tC;ovqrrcjjj;ZIAEDFESPGKQT;ae25y95w3@mail.sos.com;;true;fr;system;system
79;beccuixjz;$2a$10$zuZLz/BPcXpkS3850MnF1eEtdUUpoaXhtPyJkgzNf0pEge19Fm5tC;beccuixjz;EMJPWENJIYDEF;a252q65yv@mail.sos.com;;true;fr;system;system
80;sphbakiwu;$2a$10$zuZLz/BPcXpkS3850MnF1eEtdUUpoaXhtPyJkgzNf0pEge19Fm5tC;sphbakiwu;WVCPNBLPSHKIM;a5i57ic43@mail.sos.com;;true;fr;system;system
81;epcoclksp;$2a$10$zuZLz/BPcXpkS3850MnF1eEtdUUpoaXhtPyJkgzNf0pEge19Fm5tC;epcoclksp;COKNLOGFFQAVC;8q7b829zk@mail.sos.com;;true;fr;system;system
82;ejaalcgjf;$2a$10$zuZLz/BPcXpkS3850MnF1eEtdUUpoaXhtPyJkgzNf0pEge19Fm5tC;ejaalcgjf;GUJLINGBRMRIP;82aexg575@mail.sos.com;;true;fr;system;system
83;ipofftdog;$2a$10$zuZLz/BPcXpkS3850MnF1eEtdUUpoaXhtPyJkgzNf0pEge19Fm5tC;ipofftdog;ZAWGBQLHQCONU;g2q825mm6@mail.sos.com;;true;fr;system;system
84;imkpphest;$2a$10$zuZLz/BPcXpkS3850MnF1eEtdUUpoaXhtPyJkgzNf0pEge19Fm5tC;imkpphest;NPBLBYJQBJNYH;3gxq6446p@mail.sos.com;;true;fr;system;system
85;rvzosebev;$2a$10$zuZLz/BPcXpkS3850MnF1eEtdUUpoaXhtPyJkgzNf0pEge19Fm5tC;rvzosebev;WAJYEWWPZWSRB;94s9ut96u@mail.sos.com;;true;fr;system;system
86;yufvfsuam;$2a$10$zuZLz/BPcXpkS3850MnF1eEtdUUpoaXhtPyJkgzNf0pEge19Fm5tC;yufvfsuam;LCELRGBYQUSRM;9h72gyx92@mail.sos.com;;true;fr;system;system
87;tlhxazxuf;$2a$10$zuZLz/BPcXpkS3850MnF1eEtdUUpoaXhtPyJkgzNf0pEge19Fm5tC;tlhxazxuf;OETMSMYPGLAYB;zr7287xy9@mail.sos.com;;true;fr;system;system
88;cmoyzkrho;$2a$10$zuZLz/BPcXpkS3850MnF1eEtdUUpoaXhtPyJkgzNf0pEge19Fm5tC;cmoyzkrho;CIPOHPSXIMLEB;75r5b8pm7@mail.sos.com;;true;fr;system;system
89;chvwcttvd;$2a$10$zuZLz/BPcXpkS3850MnF1eEtdUUpoaXhtPyJkgzNf0pEge19Fm5tC;chvwcttvd;ZXOCUUXOYXAUO;kc7352e3p@mail.sos.com;;true;fr;system;system
90;qgknepeyn;$2a$10$zuZLz/BPcXpkS3850MnF1eEtdUUpoaXhtPyJkgzNf0pEge19Fm5tC;qgknepeyn;QWTXHFMNGONAX;ji8e698t7@mail.sos.com;;true;fr;system;system
91;mzrxpoxgt;$2a$10$zuZLz/BPcXpkS3850MnF1eEtdUUpoaXhtPyJkgzNf0pEge19Fm5tC;mzrxpoxgt;LFOZNRUDKLUGG;445pr8bk8@mail.sos.com;;true;fr;system;system
92;tiquoqwlz;$2a$10$zuZLz/BPcXpkS3850MnF1eEtdUUpoaXhtPyJkgzNf0pEge19Fm5tC;tiquoqwlz;PAPQMFWVMRPKU;e2y8f383u@mail.sos.com;;true;fr;system;system
93;toqnjlxqg;$2a$10$zuZLz/BPcXpkS3850MnF1eEtdUUpoaXhtPyJkgzNf0pEge19Fm5tC;toqnjlxqg;XGSJOKKNKXWNL;t966d39me@mail.sos.com;;true;fr;system;system
94;delmnhkhv;$2a$10$zuZLz/BPcXpkS3850MnF1eEtdUUpoaXhtPyJkgzNf0pEge19Fm5tC;delmnhkhv;XZJDEBZKTJCGS;d7hv7652e@mail.sos.com;;true;fr;system;system
95;jdzppzern;$2a$10$zuZLz/BPcXpkS3850MnF1eEtdUUpoaXhtPyJkgzNf0pEge19Fm5tC;jdzppzern;GPJETQCARMYCF;2b99j5re6@mail.sos.com;;true;fr;system;system
96;cqmjpoozh;$2a$10$zuZLz/BPcXpkS3850MnF1eEtdUUpoaXhtPyJkgzNf0pEge19Fm5tC;cqmjpoozh;QKVKOJTAMPNVH;4j5ant373@mail.sos.com;;true;fr;system;system
97;lqxeitbey;$2a$10$zuZLz/BPcXpkS3850MnF1eEtdUUpoaXhtPyJkgzNf0pEge19Fm5tC;lqxeitbey;QXSOKUBECDUBX;f5r5769aq@mail.sos.com;;true;fr;system;system
98;mqjzdrpgv;$2a$10$zuZLz/BPcXpkS3850MnF1eEtdUUpoaXhtPyJkgzNf0pEge19Fm5tC;mqjzdrpgv;KIEYCNSVPMXMD;b5d9yd752@mail.sos.com;;true;fr;system;system
99;nvhxzxbup;$2a$10$zuZLz/BPcXpkS3850MnF1eEtdUUpoaXhtPyJkgzNf0pEge19Fm5tC;nvhxzxbup;BYHHBFJLBSKEN;n95a438rr@mail.sos.com;;true;fr;system;system
100;iylvhxwnk;$2a$10$zuZLz/BPcXpkS3850MnF1eEtdUUpoaXhtPyJkgzNf0pEge19Fm5tC;iylvhxwnk;QNXTOKEXXOMZC;2syt8k723@mail.sos.com;;true;fr;system;system
101;svowcbrzb;$2a$10$zuZLz/BPcXpkS3850MnF1eEtdUUpoaXhtPyJkgzNf0pEge19Fm5tC;svowcbrzb;CLEUERVNNPZXM;9886qf2kj@mail.sos.com;;true;fr;system;system
102;fqmctasij;$2a$10$zuZLz/BPcXpkS3850MnF1eEtdUUpoaXhtPyJkgzNf0pEge19Fm5tC;fqmctasij;JAOYWHHYIYQLJ;9624w8qsh@mail.sos.com;;true;fr;system;system
103;sonsssfqj;$2a$10$zuZLz/BPcXpkS3850MnF1eEtdUUpoaXhtPyJkgzNf0pEge19Fm5tC;sonsssfqj;QJPFBZCDIZZTA;6kf63uk36@mail.sos.com;;true;fr;system;system
104;kobzmcgwd;$2a$10$zuZLz/BPcXpkS3850MnF1eEtdUUpoaXhtPyJkgzNf0pEge19Fm5tC;kobzmcgwd;IIDXCLPPNGEHT;ny7b658s9@mail.sos.com;;true;fr;system;system
105;cxwcojivzaxwhaps;$2a$10$zuZLz/BPcXpkS3850MnF1eEtdUUpoaXhtPyJkgzNf0pEge19Fm5tC;cxwcojivzaxwhaps;HJXBFAJKQYHRH;yvixpyfua@mail.sos.com;;true;fr;system;system
106;xsatpuvgootciucb;$2a$10$zuZLz/BPcXpkS3850MnF1eEtdUUpoaXhtPyJkgzNf0pEge19Fm5tC;xsatpuvgootciucb;RPSBCAOHSGITN;jhmivhtap@mail.sos.com;;true;fr;system;system
107;vrlswgmdtklxupjk;$2a$10$zuZLz/BPcXpkS3850MnF1eEtdUUpoaXhtPyJkgzNf0pEge19Fm5tC;vrlswgmdtklxupjk;TVQHEOHLJKQGB;guegsmkjh@mail.sos.com;;true;fr;system;system
108;jnfcsykoyjrjtomi;$2a$10$zuZLz/BPcXpkS3850MnF1eEtdUUpoaXhtPyJkgzNf0pEge19Fm5tC;jnfcsykoyjrjtomi;VTDCEHGDBNDUT;zpxsgfvxp@mail.sos.com;;true;fr;system;system
109;xazspqnmvojexnoh;$2a$10$zuZLz/BPcXpkS3850MnF1eEtdUUpoaXhtPyJkgzNf0pEge19Fm5tC;xazspqnmvojexnoh;OJYZSGMCNSBMW;xhivspjut@mail.sos.com;;true;fr;system;system
110;iwbocxgnnjycfvjb;$2a$10$zuZLz/BPcXpkS3850MnF1eEtdUUpoaXhtPyJkgzNf0pEge19Fm5tC;iwbocxgnnjycfvjb;ZWXZLNKXSTPCE;zwehacrvj@mail.sos.com;;true;fr;system;system
111;cptpqdlwhbncdtey;$2a$10$zuZLz/BPcXpkS3850MnF1eEtdUUpoaXhtPyJkgzNf0pEge19Fm5tC;cptpqdlwhbncdtey;QCCRWJXPHGSLD;ttmdpkskk@mail.sos.com;;true;fr;system;system
112;tbjpqgriocvhoghb;$2a$10$zuZLz/BPcXpkS3850MnF1eEtdUUpoaXhtPyJkgzNf0pEge19Fm5tC;tbjpqgriocvhoghb;THDRGKRMZPYHS;qehaayebj@mail.sos.com;;true;fr;system;system
113;puqixamdmqeqhddt;$2a$10$zuZLz/BPcXpkS3850MnF1eEtdUUpoaXhtPyJkgzNf0pEge19Fm5tC;puqixamdmqeqhddt;ZQXGAXEGNEOQF;iadkmhqzu@mail.sos.com;;true;fr;system;system
114;lbetbjumaohxanxc;$2a$10$zuZLz/BPcXpkS3850MnF1eEtdUUpoaXhtPyJkgzNf0pEge19Fm5tC;lbetbjumaohxanxc;BHQASCSPNWKLF;dfmmkpasz@mail.sos.com;;true;fr;system;system
115;txhghbqvbzsxmzio;$2a$10$zuZLz/BPcXpkS3850MnF1eEtdUUpoaXhtPyJkgzNf0pEge19Fm5tC;txhghbqvbzsxmzio;DZHQGCJOLICQF;yyeitczzf@mail.sos.com;;true;fr;system;system
116;jzzqbsctqizpnwbm;$2a$10$zuZLz/BPcXpkS3850MnF1eEtdUUpoaXhtPyJkgzNf0pEge19Fm5tC;jzzqbsctqizpnwbm;UAFEJDAFNCCEE;snaqmnrrv@mail.sos.com;;true;fr;system;system
117;tylcyzpsnpejtmmw;$2a$10$zuZLz/BPcXpkS3850MnF1eEtdUUpoaXhtPyJkgzNf0pEge19Fm5tC;tylcyzpsnpejtmmw;TFWOQUPNGCPCC;izwmkzbgm@mail.sos.com;;true;fr;system;system
118;lvmwmtbeijihdvcp;$2a$10$zuZLz/BPcXpkS3850MnF1eEtdUUpoaXhtPyJkgzNf0pEge19Fm5tC;lvmwmtbeijihdvcp;GWMEKDXUEJECE;fxeiprbqz@mail.sos.com;;true;fr;system;system
119;reiuymzyoqkvtpcw;$2a$10$zuZLz/BPcXpkS3850MnF1eEtdUUpoaXhtPyJkgzNf0pEge19Fm5tC;reiuymzyoqkvtpcw;WFVMQUKOEMHCW;prrhnskms@mail.sos.com;;true;fr;system;system
120;qbgapzhdgzudtxbq;$2a$10$zuZLz/BPcXpkS3850MnF1eEtdUUpoaXhtPyJkgzNf0pEge19Fm5tC;qbgapzhdgzudtxbq;RDSWFEIIDDQRT;eixnngmpm@mail.sos.com;;true;fr;system;system
121;snftbtwmviutmjjf;$2a$10$zuZLz/BPcXpkS3850MnF1eEtdUUpoaXhtPyJkgzNf0pEge19Fm5tC;snftbtwmviutmjjf;QIMYGCXLEOZUE;fyuhwvccf@mail.sos.com;;true;fr;system;system
122;qzsjxziosjvbtkrc;$2a$10$zuZLz/BPcXpkS3850MnF1eEtdUUpoaXhtPyJkgzNf0pEge19Fm5tC;qzsjxziosjvbtkrc;YYBCGEGPFECCF;ffuhpwkvy@mail.sos.com;;true;fr;system;system
123;jejdboggbzruqtgu;$2a$10$zuZLz/BPcXpkS3850MnF1eEtdUUpoaXhtPyJkgzNf0pEge19Fm5tC;jejdboggbzruqtgu;QCLLMWPSSAFBM;xdctfezsu@mail.sos.com;;true;fr;system;system
124;vsfrmvozitesaqjn;$2a$10$zuZLz/BPcXpkS3850MnF1eEtdUUpoaXhtPyJkgzNf0pEge19Fm5tC;vsfrmvozitesaqjn;NKKMRHKVEGVFV;nemspwfir@mail.sos.com;;true;fr;system;system
125;irvxjqsexxgrrzie;$2a$10$zuZLz/BPcXpkS3850MnF1eEtdUUpoaXhtPyJkgzNf0pEge19Fm5tC;irvxjqsexxgrrzie;VFJHBDFENVVQA;wkpxjnxym@mail.sos.com;;true;fr;system;system
126;versigqrqpuhjyvg;$2a$10$zuZLz/BPcXpkS3850MnF1eEtdUUpoaXhtPyJkgzNf0pEge19Fm5tC;versigqrqpuhjyvg;NXRDDQSKHAUUF;mhanxsrfu@mail.sos.com;;true;fr;system;system
127;eblvaqedvdgntlqa;$2a$10$zuZLz/BPcXpkS3850MnF1eEtdUUpoaXhtPyJkgzNf0pEge19Fm5tC;eblvaqedvdgntlqa;ZUIGDVBOPZFDF;kbuuqigcz@mail.sos.com;;true;fr;system;system
128;srvezvfoinwkslap;$2a$10$zuZLz/BPcXpkS3850MnF1eEtdUUpoaXhtPyJkgzNf0pEge19Fm5tC;srvezvfoinwkslap;OHXIUPTJFSSKQ;tjrjhptmw@mail.sos.com;;true;fr;system;system
129;udurpgblmgiwtsgg;$2a$10$zuZLz/BPcXpkS3850MnF1eEtdUUpoaXhtPyJkgzNf0pEge19Fm5tC;udurpgblmgiwtsgg;DGEPWYWOTZCJJ;ppzatacnq@mail.sos.com;;true;fr;system;system
130;yfofueyfjutoilnu;$2a$10$zuZLz/BPcXpkS3850MnF1eEtdUUpoaXhtPyJkgzNf0pEge19Fm5tC;yfofueyfjutoilnu;OPHUZFXHBISSG;qazcbchxu@mail.sos.com;;true;fr;system;system
131;bvbtymciuwhudpeq;$2a$10$zuZLz/BPcXpkS3850MnF1eEtdUUpoaXhtPyJkgzNf0pEge19Fm5tC;bvbtymciuwhudpeq;CCUBHXNVTOYHX;ruciqwrky@mail.sos.com;;true;fr;system;system
132;tkqbvfnvsawvstgx;$2a$10$zuZLz/BPcXpkS3850MnF1eEtdUUpoaXhtPyJkgzNf0pEge19Fm5tC;tkqbvfnvsawvstgx;IMBIGKMQTIHQC;yrtadbejs@mail.sos.com;;true;fr;system;system
133;qshvivbuwgzmbojl;$2a$10$zuZLz/BPcXpkS3850MnF1eEtdUUpoaXhtPyJkgzNf0pEge19Fm5tC;qshvivbuwgzmbojl;JKQNUGYLXNAMG;itszjpznw@mail.sos.com;;true;fr;system;system
134;tunltcdesyuchkpa;$2a$10$zuZLz/BPcXpkS3850MnF1eEtdUUpoaXhtPyJkgzNf0pEge19Fm5tC;tunltcdesyuchkpa;BXGYEYCYFPMQT;pytzaaufg@mail.sos.com;;true;fr;system;system
